store_id,average_order_value
1,1596.24556312
2,1632.47301330
3,1665.14826027
